Project;ncommits;nauthors;from;to;nstars;nforks;lastGHCommitDate;LongestGapStart;LongestGapEnd;LongestGapLength;NumCommitsAfterLastGap;ActivityPattern;NumberOfGapsInTimeline
nansencenter_dapper;2873;26;1467565341;1771671698;415;132;2026-06-26T11:44:41Z;2020-04;2020-07;4;1590;irregular;3
quantumblacklabs_kedro-viz;14652;139;1523894744;1762357519;761;126;2026-09-15T14:46:21Z;2018-07;2018-08;2;14578;rising;0
biod_sambamba;1351;41;1335621640;1734862067;613;103;2024-12-22T10:07:47Z;2023-09;2024-06;10;7;declining;5
hungpham2511_toppra;1442;62;1499928896;1759498437;929;212;2026-08-28T05:00:11Z;2024-02;2024-12;11;13;declining;4
bioimagesuiteweb_bisweb;3795;41;1524065158;1743007158;86;36;2026-09-10T14:03:45Z;2024-05;2024-12;8;5;declining;3
carloscinelli_sensemakr;498;11;1500307565;1731294462;100;17;2026-08-13T22:12:33Z;2022-12;2023-10;11;30;declining;6
compphysvienna_n2p2;771;39;1532521757;1758129417;244;95;2025-03-17T11:03:50Z;2023-06;2024-08;15;53;declining;4
shraddhabarke_probe;337;5;1574810248;1726063136;3;2;2024-09-11T13:58:56Z;2021-04;2023-02;23;9;declining;4
openuc2_uc2-git;769;21;1534593745;1747939282;533;76;2026-08-09T17:25:59Z;2023-03;2024-02;12;6;declining;4
fangq_mcx;2657;41;1235529429;1761019226;193;96;2026-09-18T17:17:35Z;2014-11;2015-05;7;2008;U-shaped;6
